"","UserID","MovieID","Rating","Timestamp","Gender","Age","Occupation_Code","occupation","Income_code","income_level","ZipCode"
"1",85,3793,3,979499859,"M",18,4,"college/grad_student",1,"low","94945"
"2",100,2409,3,977594483,"M",35,17,"technician/engineer",3,"high","95401"
"3",122,2409,2,993446239,"F",18,4,"college/grad_student",1,"low","94305"
"4",150,2987,4,977303156,"M",35,7,"executive/managerial",3,"high","98144"
"5",150,337,4,977303702,"M",35,7,"executive/managerial",3,"high","98144"
"6",150,3481,4,977304614,"M",35,7,"executive/managerial",3,"high","98144"
"7",150,1036,4,978161632,"M",35,7,"executive/managerial",3,"high","98144"
"8",162,2987,5,978995957,"F",18,4,"college/grad_student",1,"low","93117"
"9",162,3861,3,978996295,"F",18,4,"college/grad_student",1,"low","93117"
"10",162,3793,4,978995957,"F",18,4,"college/grad_student",1,"low","93117"
"11",162,10,3,977218629,"F",18,4,"college/grad_student",1,"low","93117"
"12",162,1036,5,978995291,"F",18,4,"college/grad_student",1,"low","93117"
"13",209,3861,3,976911466,"M",35,1,"academic/educator",2,"medium","90048"
"14",215,3793,5,977099259,"M",35,14,"sales/marketing",3,"high","92075"
"15",218,2987,4,976842686,"M",35,14,"sales/marketing",3,"high","95822"
"16",218,3793,5,976841936,"M",35,14,"sales/marketing",3,"high","95822"
"17",285,1028,3,1025213283,"F",35,0,"other",0,"other","94109"
"18",285,50,5,1025213282,"F",35,0,"other",0,"other","94109"
"19",336,1374,4,976361563,"M",18,0,"other",0,"other","98765"
"20",336,3481,5,976363288,"M",18,0,"other",0,"other","98765"
"21",524,2987,5,976164720,"M",18,0,"other",0,"other","91320"
"22",524,1260,4,976164683,"M",18,0,"other",0,"other","91320"
"23",524,912,5,976172491,"M",18,0,"other",0,"other","91320"
"24",524,2420,4,976170258,"M",18,0,"other",0,"other","91320"
"25",524,3481,5,976166216,"M",18,0,"other",0,"other","91320"
"26",524,306,5,976167418,"M",18,0,"other",0,"other","91320"
"27",524,1945,5,976171373,"M",18,0,"other",0,"other","91320"
"28",524,337,5,976168662,"M",18,0,"other",0,"other","91320"
"29",524,1036,5,976169445,"M",18,0,"other",0,"other","91320"
"30",524,2005,4,976170341,"M",18,0,"other",0,"other","91320"
"31",524,1211,4,976169445,"M",18,0,"other",0,"other","91320"
"32",524,1212,5,976172449,"M",18,0,"other",0,"other","91320"
"33",548,3793,4,976068350,"F",35,16,"self-employed",2,"medium","96860"
"34",548,3481,3,976068308,"F",35,16,"self-employed",2,"medium","96860"
"35",592,3793,5,975902706,"M",18,0,"other",0,"other","92103"
"36",592,50,5,975902839,"M",18,0,"other",0,"other","92103"
"37",614,1028,4,975807497,"M",35,1,"academic/educator",2,"medium","90024"
"38",621,2987,3,975797689,"M",18,4,"college/grad_student",1,"low","93560"
"39",621,3793,4,975797420,"M",18,4,"college/grad_student",1,"low","93560"
"40",621,1260,4,975797643,"M",18,4,"college/grad_student",1,"low","93560"
"41",621,2644,3,975798016,"M",18,4,"college/grad_student",1,"low","93560"
"42",621,3481,4,975799468,"M",18,4,"college/grad_student",1,"low","93560"
"43",637,2987,4,975739468,"M",35,12,"programmer",3,"high","97132"
"44",637,2420,4,975736568,"M",35,12,"programmer",3,"high","97132"
"45",637,2644,4,975735307,"M",35,12,"programmer",3,"high","97132"
"46",637,1028,4,975737061,"M",35,12,"programmer",3,"high","97132"
"47",637,1031,2,975734290,"M",35,12,"programmer",3,"high","97132"
"48",637,3928,4,975733715,"M",35,12,"programmer",3,"high","97132"
"49",693,2987,3,975565762,"M",35,12,"programmer",3,"high","98103"
"50",727,3481,4,975631858,"M",35,11,"lawyer",3,"high","94061"
"51",727,1945,5,975565772,"M",35,11,"lawyer",3,"high","94061"
"52",727,50,3,975565751,"M",35,11,"lawyer",3,"high","94061"
"53",761,3793,5,975451053,"M",18,7,"executive/managerial",3,"high","99945"
"54",770,2987,5,975443902,"M",18,4,"college/grad_student",1,"low","98499"
"55",770,3793,3,975443754,"M",18,4,"college/grad_student",1,"low","98499"
"56",770,912,3,975489635,"M",18,4,"college/grad_student",1,"low","98499"
"57",770,2409,1,976184083,"M",18,4,"college/grad_student",1,"low","98499"
"58",770,1374,3,976183646,"M",18,4,"college/grad_student",1,"low","98499"
"59",770,10,3,976183921,"M",18,4,"college/grad_student",1,"low","98499"
"60",770,1028,3,976181784,"M",18,4,"college/grad_student",1,"low","98499"
"61",770,1036,3,976183592,"M",18,4,"college/grad_student",1,"low","98499"
"62",770,50,5,975489967,"M",18,4,"college/grad_student",1,"low","98499"
"63",865,1374,4,975281194,"M",35,1,"academic/educator",2,"medium","91711"
"64",869,2987,5,975277480,"M",18,20,"writer",2,"medium","92026"
"65",869,3793,4,975276031,"M",18,20,"writer",2,"medium","92026"
"66",869,1256,5,975393254,"M",18,20,"writer",2,"medium","92026"
"67",869,912,5,975393360,"M",18,20,"writer",2,"medium","92026"
"68",869,2644,4,975279358,"M",18,20,"writer",2,"medium","92026"
"69",869,3481,5,975276031,"M",18,20,"writer",2,"medium","92026"
"70",869,3861,2,975281481,"M",18,20,"writer",2,"medium","92026"
"71",869,1374,4,975276401,"M",18,20,"writer",2,"medium","92026"
"72",869,1945,2,975393678,"M",18,20,"writer",2,"medium","92026"
"73",869,10,3,975281838,"M",18,20,"writer",2,"medium","92026"
"74",869,1028,5,999376209,"M",18,20,"writer",2,"medium","92026"
"75",869,1036,4,975281657,"M",18,20,"writer",2,"medium","92026"
"76",869,50,3,975393098,"M",18,20,"writer",2,"medium","92026"
"77",869,2005,5,975281256,"M",18,20,"writer",2,"medium","92026"
"78",883,3481,4,975730224,"F",35,14,"sales/marketing",3,"high","92673"
"79",932,912,5,975186294,"F",35,6,"doctor/health_care",3,"high","97838"
"80",1020,1945,4,1011404037,"M",18,20,"writer",2,"medium","93455"
"81",1020,10,4,975007651,"M",18,20,"writer",2,"medium","93455"
"82",1020,337,4,1011404072,"M",18,20,"writer",2,"medium","93455"
"83",1021,1256,5,975007702,"M",35,0,"other",0,"other","94559"
"84",1021,912,5,975007103,"M",35,0,"other",0,"other","94559"
"85",1021,950,5,975007348,"M",35,0,"other",0,"other","94559"
"86",1021,1945,5,975007425,"M",35,0,"other",0,"other","94559"
"87",1021,50,5,995045680,"M",35,0,"other",0,"other","94559"
"88",1042,2005,2,974969180,"M",35,5,"customer_service",1,"low","92801"
"89",1055,2987,4,974952907,"M",35,0,"other",0,"other","91505"
"90",1067,3481,4,974950505,"M",35,12,"programmer",3,"high","94402"
"91",1067,306,4,974945464,"M",35,12,"programmer",3,"high","94402"
"92",1067,1945,4,974952597,"M",35,12,"programmer",3,"high","94402"
"93",1113,3793,4,974916594,"M",18,4,"college/grad_student",1,"low","97215"
"94",1113,1260,4,1033683689,"M",18,4,"college/grad_student",1,"low","97215"
"95",1113,3481,4,974927477,"M",18,4,"college/grad_student",1,"low","97215"
"96",1113,1036,4,974928705,"M",18,4,"college/grad_student",1,"low","97215"
"97",1113,50,5,974917039,"M",18,4,"college/grad_student",1,"low","97215"
"98",1113,2005,4,975612170,"M",18,4,"college/grad_student",1,"low","97215"
"99",1113,1212,5,998104558,"M",18,4,"college/grad_student",1,"low","97215"
"100",1120,2987,5,974911852,"M",18,4,"college/grad_student",1,"low","95616"
"101",1120,3793,4,974914054,"M",18,4,"college/grad_student",1,"low","95616"
"102",1120,912,5,975438367,"M",18,4,"college/grad_student",1,"low","95616"
"103",1120,2420,3,975537496,"M",18,4,"college/grad_student",1,"low","95616"
"104",1120,3481,5,974914033,"M",18,4,"college/grad_student",1,"low","95616"
"105",1120,1374,3,974911315,"M",18,4,"college/grad_student",1,"low","95616"
"106",1120,10,4,974913766,"M",18,4,"college/grad_student",1,"low","95616"
"107",1120,1028,4,975438262,"M",18,4,"college/grad_student",1,"low","95616"
"108",1120,1031,3,975438292,"M",18,4,"college/grad_student",1,"low","95616"
"109",1120,1036,3,974911750,"M",18,4,"college/grad_student",1,"low","95616"
"110",1120,50,5,975436285,"M",18,4,"college/grad_student",1,"low","95616"
"111",1120,2005,4,975537410,"M",18,4,"college/grad_student",1,"low","95616"
"112",1132,2987,5,974888266,"M",18,12,"programmer",3,"high","98225"
"113",1132,1374,4,974888810,"M",18,12,"programmer",3,"high","98225"
"114",1132,50,5,974888306,"M",18,12,"programmer",3,"high","98225"
"115",1132,2005,5,974890483,"M",18,12,"programmer",3,"high","98225"
"116",1174,3481,5,974857972,"F",18,16,"self-employed",2,"medium","91780"
"117",1209,2987,2,974845058,"M",35,7,"executive/managerial",3,"high","94127"
"118",1209,2409,4,974844689,"M",35,7,"executive/managerial",3,"high","94127"
"119",1209,2420,3,974843675,"M",35,7,"executive/managerial",3,"high","94127"
"120",1209,3481,3,974843122,"M",35,7,"executive/managerial",3,"high","94127"
"121",1209,1031,3,974844524,"M",35,7,"executive/managerial",3,"high","94127"
"122",1209,1036,4,974844946,"M",35,7,"executive/managerial",3,"high","94127"
"123",1209,2005,4,974845397,"M",35,7,"executive/managerial",3,"high","94127"
"124",1243,3793,4,974854247,"M",35,15,"scientist",3,"high","92627"
"125",1243,912,5,974831457,"M",35,15,"scientist",3,"high","92627"
"126",1243,1374,4,978996906,"M",35,15,"scientist",3,"high","92627"
"127",1243,1028,4,994719657,"M",35,15,"scientist",3,"high","92627"
"128",1243,1036,4,999642292,"M",35,15,"scientist",3,"high","92627"
"129",1248,1256,5,974829457,"F",35,20,"writer",2,"medium","94598"
"130",1248,50,5,975625134,"F",35,20,"writer",2,"medium","94598"
"131",1279,2987,2,974857870,"M",35,1,"academic/educator",2,"medium","98502"
"132",1279,912,3,974795138,"M",35,1,"academic/educator",2,"medium","98502"
"133",1279,3481,2,974857963,"M",35,1,"academic/educator",2,"medium","98502"
"134",1279,306,5,974797217,"M",35,1,"academic/educator",2,"medium","98502"
"135",1279,337,3,974857310,"M",35,1,"academic/educator",2,"medium","98502"
"136",1279,1028,3,974857893,"M",35,1,"academic/educator",2,"medium","98502"
"137",1279,1036,2,974856657,"M",35,1,"academic/educator",2,"medium","98502"
"138",1279,50,2,974802115,"M",35,1,"academic/educator",2,"medium","98502"
"139",1279,381,4,974853396,"M",35,1,"academic/educator",2,"medium","98502"
"140",1285,2987,4,975457932,"M",35,4,"college/grad_student",1,"low","98125"
"141",1285,3793,5,974792648,"M",35,4,"college/grad_student",1,"low","98125"
"142",1285,1256,5,974967614,"M",35,4,"college/grad_student",1,"low","98125"
"143",1285,1260,4,974967577,"M",35,4,"college/grad_student",1,"low","98125"
"144",1285,912,5,974967577,"M",35,4,"college/grad_student",1,"low","98125"
"145",1285,2409,3,976320607,"M",35,4,"college/grad_student",1,"low","98125"
"146",1285,2420,3,975458413,"M",35,4,"college/grad_student",1,"low","98125"
"147",1285,2644,5,976320796,"M",35,4,"college/grad_student",1,"low","98125"
"148",1285,3481,4,974792619,"M",35,4,"college/grad_student",1,"low","98125"
"149",1285,3861,4,974792729,"M",35,4,"college/grad_student",1,"low","98125"
"150",1285,1374,5,975657247,"M",35,4,"college/grad_student",1,"low","98125"
"151",1285,306,4,974793567,"M",35,4,"college/grad_student",1,"low","98125"
"152",1285,1945,5,975914908,"M",35,4,"college/grad_student",1,"low","98125"
"153",1285,10,2,974876079,"M",35,4,"college/grad_student",1,"low","98125"
"154",1285,337,4,974791777,"M",35,4,"college/grad_student",1,"low","98125"
"155",1285,1028,5,975658182,"M",35,4,"college/grad_student",1,"low","98125"
"156",1285,1036,5,975457561,"M",35,4,"college/grad_student",1,"low","98125"
"157",1285,50,5,974793450,"M",35,4,"college/grad_student",1,"low","98125"
"158",1285,2005,2,975458177,"M",35,4,"college/grad_student",1,"low","98125"
"159",1285,1211,5,975458413,"M",35,4,"college/grad_student",1,"low","98125"
"160",1288,1211,4,974793783,"F",35,19,"unemployed",1,"low","92867"
"161",1290,2987,4,974791436,"M",35,0,"other",0,"other","91504"
"162",1290,3793,4,974791474,"M",35,0,"other",0,"other","91504"
"163",1350,337,5,974772871,"F",35,0,"other",0,"other","90278"
"164",1350,1036,2,974773843,"F",35,0,"other",0,"other","90278"
"165",1352,3793,3,975471758,"M",35,20,"writer",2,"medium","94122"
"166",1352,1260,5,1029382087,"M",35,20,"writer",2,"medium","94122"
"167",1352,50,4,975471819,"M",35,20,"writer",2,"medium","94122"
"168",1353,2987,5,974771685,"M",1,10,"K-12_student",1,"low","95926"
"169",1372,3793,3,974769407,"M",1,10,"K-12_student",1,"low","95123"
"170",1384,3793,3,975642251,"M",18,10,"K-12_student",1,"low","98058"
"171",1384,3481,4,975642251,"M",18,10,"K-12_student",1,"low","98058"
"172",1390,3481,4,991717979,"M",35,16,"self-employed",2,"medium","99352"
"173",1390,3861,2,1002071907,"M",35,16,"self-employed",2,"medium","99352"
"174",1390,1374,3,991715559,"M",35,16,"self-employed",2,"medium","99352"
"175",1390,10,4,991715969,"M",35,16,"self-employed",2,"medium","99352"
"176",1390,1036,5,974766834,"M",35,16,"self-employed",2,"medium","99352"
"177",1390,381,5,1016497342,"M",35,16,"self-employed",2,"medium","99352"
"178",1439,1260,3,974757709,"M",35,3,"clerical/admin",2,"medium","98037"
"179",1440,2987,3,974758693,"M",35,12,"programmer",3,"high","94520"
"180",1440,3481,3,974760351,"M",35,12,"programmer",3,"high","94520"
"181",1440,1036,3,974758647,"M",35,12,"programmer",3,"high","94520"
"182",1440,1211,5,974758978,"M",35,12,"programmer",3,"high","94520"
"183",1450,3481,2,974756976,"M",18,4,"college/grad_student",1,"low","94704"
"184",1460,3481,2,974774516,"F",18,4,"college/grad_student",1,"low","95132"
"185",1460,1028,1,974755778,"F",18,4,"college/grad_student",1,"low","95132"
"186",1507,2987,5,974748747,"M",35,17,"technician/engineer",3,"high","95476"
"187",1507,1256,5,974748656,"M",35,17,"technician/engineer",3,"high","95476"
"188",1507,3481,4,974748045,"M",35,17,"technician/engineer",3,"high","95476"
"189",1614,10,4,974729895,"M",35,0,"other",0,"other","90027"
"190",1638,2987,4,974839044,"F",18,17,"technician/engineer",3,"high","95405"
"191",1638,3481,5,974839199,"F",18,17,"technician/engineer",3,"high","95405"
"192",1638,50,5,974839875,"F",18,17,"technician/engineer",3,"high","95405"
"193",1647,2987,4,974806778,"M",18,18,"tradesman/craftsman",2,"medium","98118"
"194",1647,3793,4,974713999,"M",18,18,"tradesman/craftsman",2,"medium","98118"
"195",1647,2409,4,986455277,"M",18,18,"tradesman/craftsman",2,"medium","98118"
"196",1647,2420,4,974808110,"M",18,18,"tradesman/craftsman",2,"medium","98118"
"197",1647,3861,3,986454239,"M",18,18,"tradesman/craftsman",2,"medium","98118"
"198",1647,1374,5,974712578,"M",18,18,"tradesman/craftsman",2,"medium","98118"
"199",1647,10,3,1027846245,"M",18,18,"tradesman/craftsman",2,"medium","98118"
"200",1647,1028,4,974806662,"M",18,18,"tradesman/craftsman",2,"medium","98118"
"201",1647,1031,2,974806713,"M",18,18,"tradesman/craftsman",2,"medium","98118"
"202",1647,1036,4,986455409,"M",18,18,"tradesman/craftsman",2,"medium","98118"
"203",1647,2005,3,974806839,"M",18,18,"tradesman/craftsman",2,"medium","98118"
"204",1649,912,5,974712517,"M",18,19,"unemployed",1,"low","98034"
"205",1649,2005,3,974711961,"M",18,19,"unemployed",1,"low","98034"
"206",1655,2987,5,974833574,"M",18,4,"college/grad_student",1,"low","94507"
"207",1655,3793,4,975909859,"M",18,4,"college/grad_student",1,"low","94507"
"208",1655,3481,4,1010009659,"M",18,4,"college/grad_student",1,"low","94507"
"209",1655,1036,4,976214397,"M",18,4,"college/grad_student",1,"low","94507"
"210",1655,50,5,995586718,"M",18,4,"college/grad_student",1,"low","94507"
"211",1655,2005,5,974739799,"M",18,4,"college/grad_student",1,"low","94507"
"212",1658,2987,4,974716717,"F",35,6,"doctor/health_care",3,"high","94214"
"213",1658,3793,4,974715477,"F",35,6,"doctor/health_care",3,"high","94214"
"214",1658,1256,4,974717370,"F",35,6,"doctor/health_care",3,"high","94214"
"215",1658,912,4,974717945,"F",35,6,"doctor/health_care",3,"high","94214"
"216",1658,3481,4,974717455,"F",35,6,"doctor/health_care",3,"high","94214"
"217",1658,1374,4,974715527,"F",35,6,"doctor/health_care",3,"high","94214"
"218",1658,306,5,974711569,"F",35,6,"doctor/health_care",3,"high","94214"
"219",1658,50,3,974711299,"F",35,6,"doctor/health_care",3,"high","94214"
"220",1658,2005,4,974716243,"F",35,6,"doctor/health_care",3,"high","94214"
"221",1659,3481,3,974711654,"F",18,9,"homemaker",1,"low","99703"
"222",1673,1374,4,974950868,"M",1,10,"K-12_student",1,"low","98043-3621"
"223",1686,3481,4,974708281,"M",35,12,"programmer",3,"high","94062"
"224",1689,2987,4,974708966,"M",35,5,"customer_service",1,"low","98465"
"225",1689,3793,4,974708739,"M",35,5,"customer_service",1,"low","98465"
"226",1689,1374,4,974709005,"M",35,5,"customer_service",1,"low","98465"
"227",1689,50,5,974711110,"M",35,5,"customer_service",1,"low","98465"
"228",1689,2005,3,974709443,"M",35,5,"customer_service",1,"low","98465"
"229",1690,2987,5,974714466,"M",35,16,"self-employed",2,"medium","98029"
"230",1690,3793,4,974714475,"M",35,16,"self-employed",2,"medium","98029"
"231",1690,3481,4,974708727,"M",35,16,"self-employed",2,"medium","98029"
"232",1690,337,2,974712698,"M",35,16,"self-employed",2,"medium","98029"
"233",1690,50,5,974709848,"M",35,16,"self-employed",2,"medium","98029"
"234",1692,950,4,974709560,"M",35,20,"writer",2,"medium","97333"
"235",1692,2644,4,974711522,"M",35,20,"writer",2,"medium","97333"
"236",1692,1036,3,974710634,"M",35,20,"writer",2,"medium","97333"
"237",1692,50,5,974709360,"M",35,20,"writer",2,"medium","97333"
"238",1697,2987,5,974708856,"F",18,4,"college/grad_student",1,"low","98052"
"239",1697,1256,4,974797088,"F",18,4,"college/grad_student",1,"low","98052"
"240",1697,912,4,974707073,"F",18,4,"college/grad_student",1,"low","98052"
"241",1697,1374,3,974796632,"F",18,4,"college/grad_student",1,"low","98052"
"242",1697,1028,5,974797667,"F",18,4,"college/grad_student",1,"low","98052"
"243",1697,1036,5,974708055,"F",18,4,"college/grad_student",1,"low","98052"
"244",1697,50,4,974734312,"F",18,4,"college/grad_student",1,"low","98052"
"245",1697,381,3,974708719,"F",18,4,"college/grad_student",1,"low","98052"
"246",1698,2987,5,974771150,"M",35,2,"artist",1,"low","97214"
"247",1698,3793,5,974773144,"M",35,2,"artist",1,"low","97214"
"248",1698,1256,5,974770930,"M",35,2,"artist",1,"low","97214"
"249",1698,1260,5,974770887,"M",35,2,"artist",1,"low","97214"
"250",1698,912,5,974772315,"M",35,2,"artist",1,"low","97214"
"251",1698,2409,3,975872548,"M",35,2,"artist",1,"low","97214"
"252",1698,2644,5,974771057,"M",35,2,"artist",1,"low","97214"
"253",1698,3481,5,974709652,"M",35,2,"artist",1,"low","97214"
"254",1698,1374,5,974773106,"M",35,2,"artist",1,"low","97214"
"255",1698,306,4,974707976,"M",35,2,"artist",1,"low","97214"
"256",1698,1945,4,974772315,"M",35,2,"artist",1,"low","97214"
"257",1698,10,2,975872297,"M",35,2,"artist",1,"low","97214"
"258",1698,337,5,975874251,"M",35,2,"artist",1,"low","97214"
"259",1698,1028,4,974770389,"M",35,2,"artist",1,"low","97214"
"260",1698,1036,4,975871781,"M",35,2,"artist",1,"low","97214"
"261",1698,50,4,974707976,"M",35,2,"artist",1,"low","97214"
"262",1698,2005,2,974771748,"M",35,2,"artist",1,"low","97214"
"263",1698,1211,5,975875343,"M",35,2,"artist",1,"low","97214"
"264",1698,1212,5,974772244,"M",35,2,"artist",1,"low","97214"
"265",1710,2987,5,974707436,"M",18,0,"other",0,"other","94530"
"266",1710,3793,4,974707580,"M",18,0,"other",0,"other","94530"
"267",1710,3481,5,983745110,"M",18,0,"other",0,"other","94530"
"268",1710,50,5,1012880665,"M",18,0,"other",0,"other","94530"
"269",1720,3481,4,974705044,"M",18,4,"college/grad_student",1,"low","94720"
"270",1741,3793,4,974707447,"M",35,7,"executive/managerial",3,"high","91107"
"271",1741,912,5,974710533,"M",35,7,"executive/managerial",3,"high","91107"
"272",1741,1374,5,974707382,"M",35,7,"executive/managerial",3,"high","91107"
"273",1741,306,4,974710706,"M",35,7,"executive/managerial",3,"high","91107"
"274",1741,1945,5,974710706,"M",35,7,"executive/managerial",3,"high","91107"
"275",1741,10,3,974709724,"M",35,7,"executive/managerial",3,"high","91107"
"276",1741,1036,5,974709005,"M",35,7,"executive/managerial",3,"high","91107"
"277",1741,1211,3,974711964,"M",35,7,"executive/managerial",3,"high","91107"
"278",1753,912,5,974705012,"M",35,6,"doctor/health_care",3,"high","90803"
"279",1753,3481,5,974702150,"M",35,6,"doctor/health_care",3,"high","90803"
"280",1753,3861,3,974702318,"M",35,6,"doctor/health_care",3,"high","90803"
"281",1753,306,5,974705340,"M",35,6,"doctor/health_care",3,"high","90803"
"282",1753,10,3,974703085,"M",35,6,"doctor/health_care",3,"high","90803"
"283",1753,2005,5,974704530,"M",35,6,"doctor/health_care",3,"high","90803"
"284",1778,2987,4,974701682,"M",18,4,"college/grad_student",1,"low","94704"
"285",1778,3793,5,974701719,"M",18,4,"college/grad_student",1,"low","94704"
"286",1778,2409,3,975663866,"M",18,4,"college/grad_student",1,"low","94704"
"287",1778,2420,4,975716326,"M",18,4,"college/grad_student",1,"low","94704"
"288",1778,3861,4,974707909,"M",18,4,"college/grad_student",1,"low","94704"
"289",1778,1374,4,974749003,"M",18,4,"college/grad_student",1,"low","94704"
"290",1778,10,4,975912219,"M",18,4,"college/grad_student",1,"low","94704"
"291",1778,1028,4,974722355,"M",18,4,"college/grad_student",1,"low","94704"
"292",1778,1036,4,976010317,"M",18,4,"college/grad_student",1,"low","94704"
"293",1778,381,4,974704047,"M",18,4,"college/grad_student",1,"low","94704"
"294",1864,3928,5,974695398,"M",35,7,"executive/managerial",3,"high","94306"
"295",1888,1374,4,974694200,"M",35,12,"programmer",3,"high","95124"
"296",1888,3928,3,974692459,"M",35,12,"programmer",3,"high","95124"
"297",1893,3481,3,974692262,"F",35,0,"other",0,"other","90024"
"298",1893,337,4,974691796,"F",35,0,"other",0,"other","90024"
"299",1903,2987,3,974693779,"M",35,0,"other",0,"other","90401"
"300",1903,1256,5,974691095,"M",35,0,"other",0,"other","90401"
"301",1903,1260,5,974694987,"M",35,0,"other",0,"other","90401"
"302",1903,912,5,974693455,"M",35,0,"other",0,"other","90401"
"303",1903,1374,3,974693897,"M",35,0,"other",0,"other","90401"
"304",1903,306,5,974693312,"M",35,0,"other",0,"other","90401"
"305",1903,50,5,974695078,"M",35,0,"other",0,"other","90401"
"306",1905,912,5,974691120,"F",35,20,"writer",2,"medium","94118"
"307",1905,950,3,974692203,"F",35,20,"writer",2,"medium","94118"
"308",1905,1212,5,974691340,"F",35,20,"writer",2,"medium","94118"
"309",1907,1256,4,974691235,"M",35,17,"technician/engineer",3,"high","94804"
"310",1907,912,5,974691621,"M",35,17,"technician/engineer",3,"high","94804"
"311",1907,1212,4,974691235,"M",35,17,"technician/engineer",3,"high","94804"
"312",1910,3793,3,974694166,"M",1,10,"K-12_student",1,"low","94707"
"313",1910,3481,1,974695360,"M",1,10,"K-12_student",1,"low","94707"
"314",1911,912,3,974836287,"F",18,4,"college/grad_student",1,"low","92805"
"315",1911,337,4,974690261,"F",18,4,"college/grad_student",1,"low","92805"
"316",1911,50,3,974835997,"F",18,4,"college/grad_student",1,"low","92805"
"317",1923,3793,4,974691251,"M",35,7,"executive/managerial",3,"high","90026"
"318",1923,3928,1,974689867,"M",35,7,"executive/managerial",3,"high","90026"
"319",1927,1260,4,974690321,"M",35,7,"executive/managerial",3,"high","94806"
"320",1927,1212,5,974690321,"M",35,7,"executive/managerial",3,"high","94806"
"321",1927,3928,5,974689814,"M",35,7,"executive/managerial",3,"high","94806"
"322",1928,3481,3,974689670,"M",1,10,"K-12_student",1,"low","94501"
"323",1928,10,3,975189052,"M",1,10,"K-12_student",1,"low","94501"
"324",1928,50,5,974692536,"M",1,10,"K-12_student",1,"low","94501"
"325",1944,3481,5,974699779,"F",18,4,"college/grad_student",1,"low","93107"
"326",1944,50,5,974693427,"F",18,4,"college/grad_student",1,"low","93107"
"327",1949,3793,3,974696178,"M",18,17,"technician/engineer",3,"high","92595"
"328",1949,1374,5,974695691,"M",18,17,"technician/engineer",3,"high","92595"
"329",1949,337,4,974693885,"M",18,17,"technician/engineer",3,"high","92595"
"330",1949,1036,5,974690849,"M",18,17,"technician/engineer",3,"high","92595"
"331",1949,50,5,974690138,"M",18,17,"technician/engineer",3,"high","92595"
"332",1952,3793,3,975997922,"M",35,1,"academic/educator",2,"medium","91030"
"333",1952,3481,3,975997897,"M",35,1,"academic/educator",2,"medium","91030"
"334",1952,306,3,976646988,"M",35,1,"academic/educator",2,"medium","91030"
"335",1952,50,5,974956469,"M",35,1,"academic/educator",2,"medium","91030"
"336",1984,2987,5,974686670,"M",18,10,"K-12_student",1,"low","92130"
"337",1984,912,3,974683352,"M",18,10,"K-12_student",1,"low","92130"
"338",1984,3481,4,974685806,"M",18,10,"K-12_student",1,"low","92130"
"339",1984,1374,4,974769930,"M",18,10,"K-12_student",1,"low","92130"
"340",1984,1945,3,974685309,"M",18,10,"K-12_student",1,"low","92130"
"341",1984,50,4,974683793,"M",18,10,"K-12_student",1,"low","92130"
"342",1984,1212,4,974684528,"M",18,10,"K-12_student",1,"low","92130"
"343",1993,3481,3,974681833,"M",35,17,"technician/engineer",3,"high","99508"
"344",2161,3481,4,974616535,"F",35,2,"artist",1,"low","95521"
"345",2161,306,5,974616789,"F",35,2,"artist",1,"low","95521"
"346",2161,1945,5,974619280,"F",35,2,"artist",1,"low","95521"
"347",2161,50,5,974616710,"F",35,2,"artist",1,"low","95521"
"348",2161,1211,5,974619162,"F",35,2,"artist",1,"low","95521"
"349",2166,3793,3,974612548,"M",1,10,"K-12_student",1,"low","99203"
"350",2166,10,4,974614625,"M",1,10,"K-12_student",1,"low","99203"
"351",2166,1036,5,974615571,"M",1,10,"K-12_student",1,"low","99203"
"352",2177,2987,3,974610119,"F",35,20,"writer",2,"medium","95451"
"353",2177,1256,1,974612501,"F",35,20,"writer",2,"medium","95451"
"354",2177,912,5,974609855,"F",35,20,"writer",2,"medium","95451"
"355",2177,3481,5,974612870,"F",35,20,"writer",2,"medium","95451"
"356",2177,306,1,974613374,"F",35,20,"writer",2,"medium","95451"
"357",2177,1028,4,974611832,"F",35,20,"writer",2,"medium","95451"
"358",2177,1212,3,974612133,"F",35,20,"writer",2,"medium","95451"
"359",2236,3793,4,974597251,"M",1,10,"K-12_student",1,"low","96782"
"360",2236,3481,3,974596866,"M",1,10,"K-12_student",1,"low","96782"
"361",2236,3861,4,974597372,"M",1,10,"K-12_student",1,"low","96782"
"362",2345,912,3,974413109,"M",35,16,"self-employed",2,"medium","98031"
"363",2354,3793,3,974398925,"M",35,11,"lawyer",3,"high","94306"
"364",2354,1374,5,974399049,"M",35,11,"lawyer",3,"high","94306"
"365",2486,912,4,974142991,"M",18,12,"programmer",3,"high","98105"
"366",2486,1945,5,974143071,"M",18,12,"programmer",3,"high","98105"
"367",2486,337,3,974143049,"M",18,12,"programmer",3,"high","98105"
"368",2529,2987,5,974062406,"F",35,9,"homemaker",1,"low","95903"
"369",2529,3793,3,1005693989,"F",35,9,"homemaker",1,"low","95903"
"370",2529,1256,4,984802334,"F",35,9,"homemaker",1,"low","95903"
"371",2529,2420,4,974059312,"F",35,9,"homemaker",1,"low","95903"
"372",2529,2644,3,974057394,"F",35,9,"homemaker",1,"low","95903"
"373",2529,1374,5,974055358,"F",35,9,"homemaker",1,"low","95903"
"374",2529,10,3,974062538,"F",35,9,"homemaker",1,"low","95903"
"375",2529,337,5,974058556,"F",35,9,"homemaker",1,"low","95903"
"376",2529,1028,5,974057068,"F",35,9,"homemaker",1,"low","95903"
"377",2529,1031,4,974057228,"F",35,9,"homemaker",1,"low","95903"
"378",2529,1036,4,974567275,"F",35,9,"homemaker",1,"low","95903"
"379",2529,50,5,974651865,"F",35,9,"homemaker",1,"low","95903"
"380",2529,2005,5,974057981,"F",35,9,"homemaker",1,"low","95903"
"381",2529,3928,5,974057544,"F",35,9,"homemaker",1,"low","95903"
"382",2566,2987,3,1007365934,"M",35,17,"technician/engineer",3,"high","94022"
"383",2566,3793,4,1007363589,"M",35,17,"technician/engineer",3,"high","94022"
"384",2566,912,5,973966542,"M",35,17,"technician/engineer",3,"high","94022"
"385",2566,2409,4,973966000,"M",35,17,"technician/engineer",3,"high","94022"
"386",2566,1374,4,973964190,"M",35,17,"technician/engineer",3,"high","94022"
"387",2566,10,4,973965637,"M",35,17,"technician/engineer",3,"high","94022"
"388",2566,1028,5,973967105,"M",35,17,"technician/engineer",3,"high","94022"
"389",2566,1036,4,973965191,"M",35,17,"technician/engineer",3,"high","94022"
"390",2576,3481,5,973896979,"M",18,17,"technician/engineer",3,"high","97030"
"391",2576,1374,4,973898466,"M",18,17,"technician/engineer",3,"high","97030"
"392",2576,1036,3,973898901,"M",18,17,"technician/engineer",3,"high","97030"
"393",2579,1256,4,973891150,"M",35,15,"scientist",3,"high","91411"
"394",2579,912,5,973891080,"M",35,15,"scientist",3,"high","91411"
"395",2579,50,5,973891413,"M",35,15,"scientist",3,"high","91411"
"396",2579,1212,5,973891216,"M",35,15,"scientist",3,"high","91411"
"397",2665,2987,2,973454721,"M",35,11,"lawyer",3,"high","98443"
"398",2665,1256,1,974737490,"M",35,11,"lawyer",3,"high","98443"
"399",2665,912,5,974836707,"M",35,11,"lawyer",3,"high","98443"
"400",2665,2420,4,973453239,"M",35,11,"lawyer",3,"high","98443"
"401",2665,950,2,975252730,"M",35,11,"lawyer",3,"high","98443"
"402",2665,2644,2,974822258,"M",35,11,"lawyer",3,"high","98443"
"403",2665,3861,2,975252786,"M",35,11,"lawyer",3,"high","98443"
"404",2665,1374,4,973450662,"M",35,11,"lawyer",3,"high","98443"
"405",2665,1945,2,974836667,"M",35,11,"lawyer",3,"high","98443"
"406",2665,1028,5,974386372,"M",35,11,"lawyer",3,"high","98443"
"407",2665,1031,4,974992079,"M",35,11,"lawyer",3,"high","98443"
"408",2665,1036,4,973450573,"M",35,11,"lawyer",3,"high","98443"
"409",2665,2005,3,974992019,"M",35,11,"lawyer",3,"high","98443"
"410",2665,3928,1,974665266,"M",35,11,"lawyer",3,"high","98443"
"411",2756,3793,2,984694332,"M",18,4,"college/grad_student",1,"low","97331"
"412",2756,2409,5,973193379,"M",18,4,"college/grad_student",1,"low","97331"
"413",2756,1374,5,973193021,"M",18,4,"college/grad_student",1,"low","97331"
"414",2756,10,5,973193265,"M",18,4,"college/grad_student",1,"low","97331"
"415",2756,337,3,973192183,"M",18,4,"college/grad_student",1,"low","97331"
"416",2756,1028,4,985994486,"M",18,4,"college/grad_student",1,"low","97331"
"417",2756,1036,5,973192986,"M",18,4,"college/grad_student",1,"low","97331"
"418",2830,2987,3,972591444,"M",35,7,"executive/managerial",3,"high","94506"
"419",2830,1036,3,972592982,"M",35,7,"executive/managerial",3,"high","94506"
"420",2838,912,5,972570894,"M",18,1,"academic/educator",2,"medium","95864"
"421",2913,3793,4,971766111,"F",35,20,"writer",2,"medium","98119"
"422",2913,950,4,971766583,"F",35,20,"writer",2,"medium","98119"
"423",2913,3481,5,971769407,"F",35,20,"writer",2,"medium","98119"
"424",2913,337,4,971770765,"F",35,20,"writer",2,"medium","98119"
"425",2913,1028,3,971770298,"F",35,20,"writer",2,"medium","98119"
"426",2913,1036,4,971768750,"F",35,20,"writer",2,"medium","98119"
"427",2924,3793,4,971592379,"F",18,4,"college/grad_student",1,"low","94121"
"428",2943,3793,4,971320900,"M",35,12,"programmer",3,"high","95864"
"429",2943,1260,4,971320180,"M",35,12,"programmer",3,"high","95864"
"430",2943,1211,5,971320546,"M",35,12,"programmer",3,"high","95864"
"431",2955,2987,1,971205668,"M",35,14,"sales/marketing",3,"high","92025"
"432",2955,3793,2,971205011,"M",35,14,"sales/marketing",3,"high","92025"
"433",2955,1374,5,971204990,"M",35,14,"sales/marketing",3,"high","92025"
"434",2955,1036,4,971205402,"M",35,14,"sales/marketing",3,"high","92025"
"435",2955,50,3,971205354,"M",35,14,"sales/marketing",3,"high","92025"
"436",2962,2987,3,977246633,"M",35,3,"clerical/admin",2,"medium","94109"
"437",2962,3793,3,976817266,"M",35,3,"clerical/admin",2,"medium","94109"
"438",2962,1260,4,977246583,"M",35,3,"clerical/admin",2,"medium","94109"
"439",2962,912,3,977168990,"M",35,3,"clerical/admin",2,"medium","94109"
"440",2962,950,4,977169630,"M",35,3,"clerical/admin",2,"medium","94109"
"441",2962,3481,5,976817220,"M",35,3,"clerical/admin",2,"medium","94109"
"442",2962,3861,4,976817439,"M",35,3,"clerical/admin",2,"medium","94109"
"443",2962,1374,4,977248823,"M",35,3,"clerical/admin",2,"medium","94109"
"444",2962,10,2,978983652,"M",35,3,"clerical/admin",2,"medium","94109"
"445",2962,1036,4,978644746,"M",35,3,"clerical/admin",2,"medium","94109"
"446",2962,50,4,977168790,"M",35,3,"clerical/admin",2,"medium","94109"
"447",2962,381,3,977169649,"M",35,3,"clerical/admin",2,"medium","94109"
"448",2962,1212,4,977169630,"M",35,3,"clerical/admin",2,"medium","94109"
"449",3008,3793,3,970600907,"M",18,4,"college/grad_student",1,"low","94403"
"450",3050,3793,5,970178125,"M",35,12,"programmer",3,"high","94025"
"451",3050,3481,5,970179666,"M",35,12,"programmer",3,"high","94025"
"452",3060,2409,1,970021218,"F",35,1,"academic/educator",2,"medium","92705"
"453",3060,50,5,970021382,"F",35,1,"academic/educator",2,"medium","92705"
"454",3064,2987,4,970076496,"M",35,17,"technician/engineer",3,"high","90026"
"455",3064,1374,5,970077289,"M",35,17,"technician/engineer",3,"high","90026"
"456",3069,2987,3,969952416,"M",18,4,"college/grad_student",1,"low","97470"
"457",3069,3793,4,969952439,"M",18,4,"college/grad_student",1,"low","97470"
"458",3069,3481,2,971056922,"M",18,4,"college/grad_student",1,"low","97470"
"459",3101,2987,4,969572882,"M",18,15,"scientist",3,"high","91101"
"460",3101,3793,5,969572893,"M",18,15,"scientist",3,"high","91101"
"461",3101,912,2,969584474,"M",18,15,"scientist",3,"high","91101"
"462",3101,1374,5,969582470,"M",18,15,"scientist",3,"high","91101"
"463",3101,10,4,969583598,"M",18,15,"scientist",3,"high","91101"
"464",3101,1028,3,969583844,"M",18,15,"scientist",3,"high","91101"
"465",3101,1036,4,969582321,"M",18,15,"scientist",3,"high","91101"
"466",3101,50,5,969577331,"M",18,15,"scientist",3,"high","91101"
"467",3101,2005,4,969584234,"M",18,15,"scientist",3,"high","91101"
"468",3105,1374,4,969552298,"M",35,12,"programmer",3,"high","98166"
"469",3105,1036,5,969906776,"M",35,12,"programmer",3,"high","98166"
"470",3190,3793,4,968651229,"M",1,17,"technician/engineer",3,"high","97062"
"471",3197,1260,5,968636234,"F",18,14,"sales/marketing",3,"high","94110"
"472",3197,50,4,968637042,"F",18,14,"sales/marketing",3,"high","94110"
"473",3203,3793,4,975538544,"M",35,0,"other",0,"other","90254"
"474",3203,3481,5,971245479,"M",35,0,"other",0,"other","90254"
"475",3203,3861,2,976345306,"M",35,0,"other",0,"other","90254"
"476",3203,1036,4,1001027567,"M",35,0,"other",0,"other","90254"
"477",3203,50,4,1019948540,"M",35,0,"other",0,"other","90254"
"478",3230,1374,5,968389841,"M",35,16,"self-employed",2,"medium","92630"
"479",3230,1036,5,968391653,"M",35,16,"self-employed",2,"medium","92630"
"480",3234,912,4,968366574,"F",1,0,"other",0,"other","90012"
"481",3244,3793,4,968310666,"F",18,4,"college/grad_student",1,"low","92647"
"482",3244,3481,3,968310564,"F",18,4,"college/grad_student",1,"low","92647"
"483",3244,1031,4,968310954,"F",18,4,"college/grad_student",1,"low","92647"
"484",3247,2987,3,968303803,"M",35,15,"scientist",3,"high","92649"
"485",3247,1374,5,968303935,"M",35,15,"scientist",3,"high","92649"
"486",3259,2987,4,968271275,"F",18,4,"college/grad_student",1,"low","95616"
"487",3259,3793,4,968277819,"F",18,4,"college/grad_student",1,"low","95616"
"488",3259,912,4,968273438,"F",18,4,"college/grad_student",1,"low","95616"
"489",3259,3481,4,968272111,"F",18,4,"college/grad_student",1,"low","95616"
"490",3259,337,4,968275762,"F",18,4,"college/grad_student",1,"low","95616"
"491",3259,1028,4,968271986,"F",18,4,"college/grad_student",1,"low","95616"
"492",3259,1031,4,968277396,"F",18,4,"college/grad_student",1,"low","95616"
"493",3259,50,5,1027974744,"F",18,4,"college/grad_student",1,"low","95616"
"494",3259,2005,5,968276574,"F",18,4,"college/grad_student",1,"low","95616"
"495",3296,2987,4,968057954,"M",18,14,"sales/marketing",3,"high","90292"
"496",3297,3793,4,968052086,"M",18,4,"college/grad_student",1,"low","91325"
"497",3297,1028,4,968053624,"M",18,4,"college/grad_student",1,"low","91325"
"498",3316,912,4,967940089,"M",1,19,"unemployed",1,"low","92557"
"499",3316,50,4,967940581,"M",1,19,"unemployed",1,"low","92557"
"500",3349,3793,4,967750323,"F",18,4,"college/grad_student",1,"low","92054"
"501",3349,10,4,967750935,"F",18,4,"college/grad_student",1,"low","92054"
"502",3349,50,3,967749356,"F",18,4,"college/grad_student",1,"low","92054"
"503",3353,2409,3,968126905,"M",35,17,"technician/engineer",3,"high","92688"
"504",3353,1374,4,968126332,"M",35,17,"technician/engineer",3,"high","92688"
"505",3353,1036,5,968125987,"M",35,17,"technician/engineer",3,"high","92688"
"506",3370,2987,2,967608836,"M",18,4,"college/grad_student",1,"low","92833"
"507",3370,912,5,967607568,"M",18,4,"college/grad_student",1,"low","92833"
"508",3370,1374,4,967607117,"M",18,4,"college/grad_student",1,"low","92833"
"509",3370,306,5,967608567,"M",18,4,"college/grad_student",1,"low","92833"
"510",3370,10,3,967607165,"M",18,4,"college/grad_student",1,"low","92833"
"511",3370,1036,2,967606961,"M",18,4,"college/grad_student",1,"low","92833"
"512",3370,50,5,967607671,"M",18,4,"college/grad_student",1,"low","92833"
"513",3370,2005,3,967607908,"M",18,4,"college/grad_student",1,"low","92833"
"514",3373,3793,5,967602579,"M",18,16,"self-employed",2,"medium","94709"
"515",3394,1256,4,967491593,"M",35,7,"executive/managerial",3,"high","90069"
"516",3394,1260,5,967490948,"M",35,7,"executive/managerial",3,"high","90069"
"517",3394,912,5,967493092,"M",35,7,"executive/managerial",3,"high","90069"
"518",3394,1374,3,967492365,"M",35,7,"executive/managerial",3,"high","90069"
"519",3394,306,4,967493142,"M",35,7,"executive/managerial",3,"high","90069"
"520",3394,1945,5,967493122,"M",35,7,"executive/managerial",3,"high","90069"
"521",3394,1036,4,967492052,"M",35,7,"executive/managerial",3,"high","90069"
"522",3394,50,4,967492560,"M",35,7,"executive/managerial",3,"high","90069"
"523",3394,1212,5,967490922,"M",35,7,"executive/managerial",3,"high","90069"
"524",3436,2987,3,967328129,"M",35,0,"other",0,"other","98503"
"525",3436,3793,4,1004146205,"M",35,0,"other",0,"other","98503"
"526",3436,912,4,970714290,"M",35,0,"other",0,"other","98503"
"527",3436,2005,3,1037841156,"M",35,0,"other",0,"other","98503"
"528",3436,3928,3,991060191,"M",35,0,"other",0,"other","98503"
"529",3445,3793,4,967277184,"F",35,20,"writer",2,"medium","92009"
"530",3445,306,5,967278980,"F",35,20,"writer",2,"medium","92009"
"531",3445,50,4,967278980,"F",35,20,"writer",2,"medium","92009"
"532",3445,2005,2,967279599,"F",35,20,"writer",2,"medium","92009"
"533",3445,1212,5,967278787,"F",35,20,"writer",2,"medium","92009"
"534",3481,1256,5,967075500,"M",18,4,"college/grad_student",1,"low","94122"
"535",3481,912,3,967073961,"M",18,4,"college/grad_student",1,"low","94122"
"536",3481,1036,4,967076228,"M",18,4,"college/grad_student",1,"low","94122"
"537",3481,50,5,967075468,"M",18,4,"college/grad_student",1,"low","94122"
"538",3481,2005,4,967076469,"M",18,4,"college/grad_student",1,"low","94122"
"539",3481,1212,4,968558853,"M",18,4,"college/grad_student",1,"low","94122"
"540",3486,912,3,967059300,"F",18,0,"other",0,"other","98225"
"541",3486,1028,5,967059498,"F",18,0,"other",0,"other","98225"
"542",3486,2005,5,967059954,"F",18,0,"other",0,"other","98225"
"543",3537,3793,5,966883293,"M",1,10,"K-12_student",1,"low","97402"
"544",3537,3861,3,966883293,"M",1,10,"K-12_student",1,"low","97402"
"545",3545,2987,3,966859744,"M",35,12,"programmer",3,"high","92507"
"546",3601,2987,4,966641171,"F",35,3,"clerical/admin",2,"medium","95405"
"547",3601,912,4,966639754,"F",35,3,"clerical/admin",2,"medium","95405"
"548",3601,2420,4,966640881,"F",35,3,"clerical/admin",2,"medium","95405"
"549",3601,2005,3,966640997,"F",35,3,"clerical/admin",2,"medium","95405"
"550",3657,3793,5,966447405,"M",18,17,"technician/engineer",3,"high","95121"
"551",3657,3861,4,966447297,"M",18,17,"technician/engineer",3,"high","95121"
"552",3703,3793,5,966285245,"M",18,12,"programmer",3,"high","97402"
"553",3703,1028,3,966285457,"M",18,12,"programmer",3,"high","97402"
"554",3802,3793,3,965982549,"M",18,0,"other",0,"other","94520"
"555",3842,2987,3,977144169,"F",35,16,"self-employed",2,"medium","92054"
"556",3842,1256,5,969006354,"F",35,16,"self-employed",2,"medium","92054"
"557",3842,912,5,965910720,"F",35,16,"self-employed",2,"medium","92054"
"558",3842,2644,5,965918358,"F",35,16,"self-employed",2,"medium","92054"
"559",3842,1945,5,1001413140,"F",35,16,"self-employed",2,"medium","92054"
"560",3842,337,5,984996841,"F",35,16,"self-employed",2,"medium","92054"
"561",3842,1036,4,965990594,"F",35,16,"self-employed",2,"medium","92054"
"562",3842,50,5,965990226,"F",35,16,"self-employed",2,"medium","92054"
"563",3842,3928,1,1037879256,"F",35,16,"self-employed",2,"medium","92054"
"564",4042,2987,3,965510675,"M",35,15,"scientist",3,"high","94002"
"565",4042,3793,4,965501483,"M",35,15,"scientist",3,"high","94002"
"566",4042,912,5,965557607,"M",35,15,"scientist",3,"high","94002"
"567",4042,2420,3,965511372,"M",35,15,"scientist",3,"high","94002"
"568",4042,3481,4,975807174,"M",35,15,"scientist",3,"high","94002"
"569",4042,3861,4,993416718,"M",35,15,"scientist",3,"high","94002"
"570",4042,1374,5,965501956,"M",35,15,"scientist",3,"high","94002"
"571",4042,10,3,965512476,"M",35,15,"scientist",3,"high","94002"
"572",4042,1028,4,965501825,"M",35,15,"scientist",3,"high","94002"
"573",4042,1036,4,965510557,"M",35,15,"scientist",3,"high","94002"
"574",4042,50,5,1005631246,"M",35,15,"scientist",3,"high","94002"
"575",4042,1212,5,965558339,"M",35,15,"scientist",3,"high","94002"
"576",4044,2987,4,965500165,"F",35,3,"clerical/admin",2,"medium","95826"
"577",4099,912,4,965416789,"M",35,17,"technician/engineer",3,"high","94954"
"578",4099,3481,4,965415760,"M",35,17,"technician/engineer",3,"high","94954"
"579",4099,1374,3,965415464,"M",35,17,"technician/engineer",3,"high","94954"
"580",4099,1028,2,965415433,"M",35,17,"technician/engineer",3,"high","94954"
"581",4099,50,3,965416789,"M",35,17,"technician/engineer",3,"high","94954"
"582",4141,10,4,965353532,"M",35,17,"technician/engineer",3,"high","95014"
"583",4141,50,5,965349059,"M",35,17,"technician/engineer",3,"high","95014"
"584",4179,912,5,965333582,"F",35,20,"writer",2,"medium","94949"
"585",4179,1211,5,965331231,"F",35,20,"writer",2,"medium","94949"
"586",4179,2987,5,965333394,"F",35,20,"writer",2,"medium","94949"
"587",4179,1028,5,965331397,"F",35,20,"writer",2,"medium","94949"
"588",4207,912,5,965328096,"M",35,1,"academic/educator",2,"medium","90731"
"589",4207,2409,3,965327885,"M",35,1,"academic/educator",2,"medium","90731"
"590",4207,10,5,965326235,"M",35,1,"academic/educator",2,"medium","90731"
"591",4207,1211,5,965322285,"M",35,1,"academic/educator",2,"medium","90731"
"592",4207,1256,5,965325471,"M",35,1,"academic/educator",2,"medium","90731"
"593",4219,1374,4,965316151,"M",35,17,"technician/engineer",3,"high","95125"
"594",4277,3793,5,978252082,"M",35,16,"self-employed",2,"medium","98133"
"595",4277,912,5,967110758,"M",35,16,"self-employed",2,"medium","98133"
"596",4277,2409,4,975497893,"M",35,16,"self-employed",2,"medium","98133"
"597",4277,2420,4,985511414,"M",35,16,"self-employed",2,"medium","98133"
"598",4277,950,5,983695764,"M",35,16,"self-employed",2,"medium","98133"
"599",4277,3481,4,976510796,"M",35,16,"self-employed",2,"medium","98133"
"600",4277,3861,4,978516750,"M",35,16,"self-employed",2,"medium","98133"
"601",4277,306,3,976786525,"M",35,16,"self-employed",2,"medium","98133"
"602",4277,1945,5,970048831,"M",35,16,"self-employed",2,"medium","98133"
"603",4277,10,4,965294454,"M",35,16,"self-employed",2,"medium","98133"
"604",4277,337,5,971768488,"M",35,16,"self-employed",2,"medium","98133"
"605",4277,50,5,965290451,"M",35,16,"self-employed",2,"medium","98133"
"606",4277,1211,5,985509740,"M",35,16,"self-employed",2,"medium","98133"
"607",4277,1212,5,965468339,"M",35,16,"self-employed",2,"medium","98133"
"608",4277,2987,5,965294026,"M",35,16,"self-employed",2,"medium","98133"
"609",4277,1256,4,967620327,"M",35,16,"self-employed",2,"medium","98133"
"610",4277,2644,5,967620680,"M",35,16,"self-employed",2,"medium","98133"
"611",4277,1374,4,965294089,"M",35,16,"self-employed",2,"medium","98133"
"612",4277,1028,5,967622665,"M",35,16,"self-employed",2,"medium","98133"
"613",4277,1031,3,965294392,"M",35,16,"self-employed",2,"medium","98133"
"614",4277,1036,5,965468415,"M",35,16,"self-employed",2,"medium","98133"
"615",4277,2005,3,965294303,"M",35,16,"self-employed",2,"medium","98133"
"616",4291,3793,5,965273818,"M",35,14,"sales/marketing",3,"high","98125"
"617",4291,1374,5,965274185,"M",35,14,"sales/marketing",3,"high","98125"
"618",4291,1036,5,965274185,"M",35,14,"sales/marketing",3,"high","98125"
"619",4349,50,1,965213641,"M",18,2,"artist",1,"low","95843"
"620",4383,912,3,965173454,"F",18,4,"college/grad_student",1,"low","93940"
"621",4425,912,5,965107353,"M",35,7,"executive/managerial",3,"high","98607"
"622",4425,2409,3,965111172,"M",35,7,"executive/managerial",3,"high","98607"
"623",4425,2420,3,965110660,"M",35,7,"executive/managerial",3,"high","98607"
"624",4425,306,3,965107501,"M",35,7,"executive/managerial",3,"high","98607"
"625",4425,1945,4,965107546,"M",35,7,"executive/managerial",3,"high","98607"
"626",4425,10,4,965114524,"M",35,7,"executive/managerial",3,"high","98607"
"627",4425,337,3,965109009,"M",35,7,"executive/managerial",3,"high","98607"
"628",4425,50,4,965107546,"M",35,7,"executive/managerial",3,"high","98607"
"629",4425,2987,4,965108525,"M",35,7,"executive/managerial",3,"high","98607"
"630",4425,2644,4,965115505,"M",35,7,"executive/managerial",3,"high","98607"
"631",4425,1374,3,965106841,"M",35,7,"executive/managerial",3,"high","98607"
"632",4425,1028,4,965106770,"M",35,7,"executive/managerial",3,"high","98607"
"633",4425,1031,3,965110429,"M",35,7,"executive/managerial",3,"high","98607"
"634",4425,1036,3,965107501,"M",35,7,"executive/managerial",3,"high","98607"
"635",4425,2005,3,965110189,"M",35,7,"executive/managerial",3,"high","98607"
"636",4453,1374,4,965086412,"M",35,0,"other",0,"other","95667"
"637",4453,1028,3,965086508,"M",35,0,"other",0,"other","95667"
"638",4473,3481,4,965073084,"M",35,1,"academic/educator",2,"medium","94121"
"639",4473,306,3,965063372,"M",35,1,"academic/educator",2,"medium","94121"
"640",4473,50,4,965063346,"M",35,1,"academic/educator",2,"medium","94121"
"641",4473,1211,3,965073438,"M",35,1,"academic/educator",2,"medium","94121"
"642",4473,1028,4,965076343,"M",35,1,"academic/educator",2,"medium","94121"
"643",4473,1036,5,965073438,"M",35,1,"academic/educator",2,"medium","94121"
"644",4473,2005,3,965074002,"M",35,1,"academic/educator",2,"medium","94121"
"645",4562,3481,5,964495486,"M",35,10,"K-12_student",1,"low","94133"
"646",4562,2987,3,967431359,"M",35,10,"K-12_student",1,"low","94133"
"647",4562,1028,3,994468538,"M",35,10,"K-12_student",1,"low","94133"
"648",4562,1036,3,967431245,"M",35,10,"K-12_student",1,"low","94133"
"649",4620,2987,4,964121928,"F",18,17,"technician/engineer",3,"high","94606"
"650",4629,2987,3,964043859,"F",18,4,"college/grad_student",1,"low","94309"
"651",4631,50,5,964040372,"M",18,4,"college/grad_student",1,"low","94111"
"652",4631,2987,3,964039909,"M",18,4,"college/grad_student",1,"low","94111"
"653",4631,1374,2,964039396,"M",18,4,"college/grad_student",1,"low","94111"
"654",4631,2005,2,964041703,"M",18,4,"college/grad_student",1,"low","94111"
"655",4635,912,4,964033115,"M",18,4,"college/grad_student",1,"low","94703"
"656",4635,10,4,964034621,"M",18,4,"college/grad_student",1,"low","94703"
"657",4635,50,4,964033173,"M",18,4,"college/grad_student",1,"low","94703"
"658",4635,2987,5,964032910,"M",18,4,"college/grad_student",1,"low","94703"
"659",4635,1028,5,964143517,"M",18,4,"college/grad_student",1,"low","94703"
"660",4653,3793,3,975533608,"M",35,12,"programmer",3,"high","95051"
"661",4653,912,5,963939370,"M",35,12,"programmer",3,"high","95051"
"662",4653,950,4,963939484,"M",35,12,"programmer",3,"high","95051"
"663",4653,3481,2,975533459,"M",35,12,"programmer",3,"high","95051"
"664",4653,1945,5,963939718,"M",35,12,"programmer",3,"high","95051"
"665",4653,50,4,963939612,"M",35,12,"programmer",3,"high","95051"
"666",4653,381,3,975535585,"M",35,12,"programmer",3,"high","95051"
"667",4653,1212,4,963939355,"M",35,12,"programmer",3,"high","95051"
"668",4653,1256,3,975532293,"M",35,12,"programmer",3,"high","95051"
"669",4653,1374,3,975533258,"M",35,12,"programmer",3,"high","95051"
"670",4653,1036,4,975532790,"M",35,12,"programmer",3,"high","95051"
"671",4673,3793,2,964384106,"M",35,16,"self-employed",2,"medium","94705"
"672",4673,912,5,963760207,"M",35,16,"self-employed",2,"medium","94705"
"673",4673,2420,3,963770975,"M",35,16,"self-employed",2,"medium","94705"
"674",4673,3481,5,970983798,"M",35,16,"self-employed",2,"medium","94705"
"675",4673,10,3,963767352,"M",35,16,"self-employed",2,"medium","94705"
"676",4673,2987,3,963768169,"M",35,16,"self-employed",2,"medium","94705"
"677",4673,1374,4,963766247,"M",35,16,"self-employed",2,"medium","94705"
"678",4673,1028,4,964487967,"M",35,16,"self-employed",2,"medium","94705"
"679",4673,1036,5,963762803,"M",35,16,"self-employed",2,"medium","94705"
"680",4721,2987,5,963376074,"M",35,11,"lawyer",3,"high","95405"
"681",4723,1374,3,963366045,"M",35,7,"executive/managerial",3,"high","90014-1718"
"682",4787,3481,4,962997408,"M",1,11,"lawyer",3,"high","94610"
"683",4796,912,4,962982975,"M",35,7,"executive/managerial",3,"high","98103"
"684",4796,950,4,962991382,"M",35,7,"executive/managerial",3,"high","98103"
"685",4796,337,4,962986489,"M",35,7,"executive/managerial",3,"high","98103"
"686",4796,50,4,962985915,"M",35,7,"executive/managerial",3,"high","98103"
"687",4796,1212,4,962991382,"M",35,7,"executive/managerial",3,"high","98103"
"688",4796,2987,4,962990181,"M",35,7,"executive/managerial",3,"high","98103"
"689",4796,1260,4,962991618,"M",35,7,"executive/managerial",3,"high","98103"
"690",4796,1374,4,962991124,"M",35,7,"executive/managerial",3,"high","98103"
"691",4796,1028,3,962983526,"M",35,7,"executive/managerial",3,"high","98103"
"692",4796,1031,2,962983645,"M",35,7,"executive/managerial",3,"high","98103"
"693",4796,1036,2,962984038,"M",35,7,"executive/managerial",3,"high","98103"
"694",4808,2420,3,962958258,"M",35,0,"other",0,"other","96707-1321"
"695",4808,3481,4,962938216,"M",35,0,"other",0,"other","96707-1321"
"696",4808,10,3,962954266,"M",35,0,"other",0,"other","96707-1321"
"697",4808,2987,3,962934628,"M",35,0,"other",0,"other","96707-1321"
"698",4808,1374,5,962935933,"M",35,0,"other",0,"other","96707-1321"
"699",4808,1028,5,962943721,"M",35,0,"other",0,"other","96707-1321"
"700",4808,1031,4,962943810,"M",35,0,"other",0,"other","96707-1321"
"701",4808,1036,5,962945579,"M",35,0,"other",0,"other","96707-1321"
"702",4808,2005,4,962937210,"M",35,0,"other",0,"other","96707-1321"
"703",4875,3481,5,975219979,"M",35,0,"other",0,"other","97403"
"704",4875,337,3,975229086,"M",35,0,"other",0,"other","97403"
"705",4884,912,5,963046112,"M",35,14,"sales/marketing",3,"high","90266"
"706",4884,3481,5,962746575,"M",35,14,"sales/marketing",3,"high","90266"
"707",4884,50,5,962744287,"M",35,14,"sales/marketing",3,"high","90266"
"708",4884,2987,3,962746407,"M",35,14,"sales/marketing",3,"high","90266"
"709",4884,1256,5,963044354,"M",35,14,"sales/marketing",3,"high","90266"
"710",4884,1260,4,963045636,"M",35,14,"sales/marketing",3,"high","90266"
"711",4884,1374,5,962746221,"M",35,14,"sales/marketing",3,"high","90266"
"712",4884,1036,5,962746221,"M",35,14,"sales/marketing",3,"high","90266"
"713",4951,3793,4,964653645,"F",35,17,"technician/engineer",3,"high","90291"
"714",4951,912,5,982865943,"F",35,17,"technician/engineer",3,"high","90291"
"715",4951,1945,4,962644312,"F",35,17,"technician/engineer",3,"high","90291"
"716",4951,337,3,962641600,"F",35,17,"technician/engineer",3,"high","90291"
"717",4951,1211,4,962843932,"F",35,17,"technician/engineer",3,"high","90291"
"718",4951,2987,3,962644867,"F",35,17,"technician/engineer",3,"high","90291"
"719",4951,1256,5,962639528,"F",35,17,"technician/engineer",3,"high","90291"
"720",4951,1260,3,962644202,"F",35,17,"technician/engineer",3,"high","90291"
"721",4951,1036,2,962637910,"F",35,17,"technician/engineer",3,"high","90291"
"722",4971,1256,4,962606353,"M",35,7,"executive/managerial",3,"high","94086"
"723",4974,2987,4,962605834,"M",35,20,"writer",2,"medium","94131"
"724",5023,1028,4,962581526,"M",35,20,"writer",2,"medium","91505"
"725",5023,1031,3,962581755,"M",35,20,"writer",2,"medium","91505"
"726",5055,1211,5,962486998,"F",35,16,"self-employed",2,"medium","97330"
"727",5055,2987,5,962486676,"F",35,16,"self-employed",2,"medium","97330"
"728",5165,912,5,961901541,"M",35,6,"doctor/health_care",3,"high","91103"
"729",5165,1256,5,961904407,"M",35,6,"doctor/health_care",3,"high","91103"
"730",5186,1374,5,961727700,"M",35,12,"programmer",3,"high","96555"
"731",5212,1212,5,961568444,"M",18,2,"artist",1,"low","90025"
"732",5212,2987,3,961568192,"M",18,2,"artist",1,"low","90025"
"733",5212,1260,5,961568416,"M",18,2,"artist",1,"low","90025"
"734",5219,10,4,961542369,"M",18,4,"college/grad_student",1,"low","94706"
"735",5219,1036,5,961542101,"M",18,4,"college/grad_student",1,"low","94706"
"736",5226,1036,4,962083705,"M",35,0,"other",0,"other","98122"
"737",5366,50,5,960500558,"M",18,12,"programmer",3,"high","90045"
"738",5366,2987,2,960500418,"M",18,12,"programmer",3,"high","90045"
"739",5366,2005,3,960500860,"M",18,12,"programmer",3,"high","90045"
"740",5436,10,3,960009878,"M",18,4,"college/grad_student",1,"low","90024"
"741",5458,3793,3,979766457,"F",18,2,"artist",1,"low","98102"
"742",5458,2420,4,1014699594,"F",18,2,"artist",1,"low","98102"
"743",5458,3481,3,1003632818,"F",18,2,"artist",1,"low","98102"
"744",5458,306,3,1009856603,"F",18,2,"artist",1,"low","98102"
"745",5458,1945,5,978649256,"F",18,2,"artist",1,"low","98102"
"746",5458,10,3,978298101,"F",18,2,"artist",1,"low","98102"
"747",5458,337,3,978299564,"F",18,2,"artist",1,"low","98102"
"748",5458,50,3,960518338,"F",18,2,"artist",1,"low","98102"
"749",5458,1212,5,969765209,"F",18,2,"artist",1,"low","98102"
"750",5458,2987,4,1004327172,"F",18,2,"artist",1,"low","98102"
"751",5458,1256,4,1010362481,"F",18,2,"artist",1,"low","98102"
"752",5458,1036,4,978649057,"F",18,2,"artist",1,"low","98102"
"753",5493,3793,2,966032212,"M",35,12,"programmer",3,"high","96797"
"754",5493,912,5,974325049,"M",35,12,"programmer",3,"high","96797"
"755",5493,3481,4,969910175,"M",35,12,"programmer",3,"high","96797"
"756",5493,3861,2,966032597,"M",35,12,"programmer",3,"high","96797"
"757",5493,337,4,959814173,"M",35,12,"programmer",3,"high","96797"
"758",5493,50,5,959885021,"M",35,12,"programmer",3,"high","96797"
"759",5493,2987,3,974324017,"M",35,12,"programmer",3,"high","96797"
"760",5493,1256,5,974324092,"M",35,12,"programmer",3,"high","96797"
"761",5493,1374,1,967496970,"M",35,12,"programmer",3,"high","96797"
"762",5493,1036,4,974324905,"M",35,12,"programmer",3,"high","96797"
"763",5551,1260,4,959458654,"F",35,20,"writer",2,"medium","98103"
"764",5597,912,1,959215515,"F",18,4,"college/grad_student",1,"low","95008"
"765",5597,50,4,959215515,"F",18,4,"college/grad_student",1,"low","95008"
"766",5597,2644,1,959214254,"F",18,4,"college/grad_student",1,"low","95008"
"767",5599,3481,4,959213457,"M",35,7,"executive/managerial",3,"high","90020"
"768",5599,10,4,959215148,"M",35,7,"executive/managerial",3,"high","90020"
"769",5601,1945,2,959211750,"M",35,1,"academic/educator",2,"medium","98225"
"770",5601,50,5,959211918,"M",35,1,"academic/educator",2,"medium","98225"
"771",5601,1036,4,959211986,"M",35,1,"academic/educator",2,"medium","98225"
"772",5602,3793,4,968959467,"M",35,0,"other",0,"other","97212"
"773",5602,3481,5,962650222,"M",35,0,"other",0,"other","97212"
"774",5649,50,5,958865441,"F",18,4,"college/grad_student",1,"low","90025"
"775",5649,2005,4,958868166,"F",18,4,"college/grad_student",1,"low","90025"
"776",5678,912,4,958625902,"M",35,17,"technician/engineer",3,"high","98103"
"777",5678,2987,3,958628289,"M",35,17,"technician/engineer",3,"high","98103"
"778",5678,1256,4,958626150,"M",35,17,"technician/engineer",3,"high","98103"
"779",5678,1260,5,958625829,"M",35,17,"technician/engineer",3,"high","98103"
"780",5678,1036,4,958627346,"M",35,17,"technician/engineer",3,"high","98103"
"781",5683,10,4,961261407,"F",18,9,"homemaker",1,"low","94538"
"782",5683,381,4,974078272,"F",18,9,"homemaker",1,"low","94538"
"783",5684,2409,3,958606952,"M",18,16,"self-employed",2,"medium","94110"
"784",5684,10,3,958606521,"M",18,16,"self-employed",2,"medium","94110"
"785",5684,50,5,958609445,"M",18,16,"self-employed",2,"medium","94110"
"786",5684,1211,5,958611669,"M",18,16,"self-employed",2,"medium","94110"
"787",5684,2987,3,958608227,"M",18,16,"self-employed",2,"medium","94110"
"788",5684,1260,4,958609397,"M",18,16,"self-employed",2,"medium","94110"
"789",5684,1374,5,958608294,"M",18,16,"self-employed",2,"medium","94110"
"790",5684,1028,4,958611582,"M",18,16,"self-employed",2,"medium","94110"
"791",5684,1031,5,958608472,"M",18,16,"self-employed",2,"medium","94110"
"792",5684,1036,5,958606161,"M",18,16,"self-employed",2,"medium","94110"
"793",5684,2005,4,958608472,"M",18,16,"self-employed",2,"medium","94110"
"794",5702,3481,3,958580678,"M",18,0,"other",0,"other","90034"
"795",5702,306,4,958578753,"M",18,0,"other",0,"other","90034"
"796",5714,3481,4,958511738,"M",35,2,"artist",1,"low","96753"
"797",5745,912,4,958360595,"F",18,4,"college/grad_student",1,"low","90024"
"798",5745,2005,4,958365570,"F",18,4,"college/grad_student",1,"low","90024"
"799",5774,912,3,958166371,"M",18,4,"college/grad_student",1,"low","94118"
"800",5774,2005,2,958166474,"M",18,4,"college/grad_student",1,"low","94118"
"801",5780,10,3,958154916,"M",18,17,"technician/engineer",3,"high","92886"
"802",5804,912,2,957993041,"F",35,7,"executive/managerial",3,"high","94306"
"803",5914,1945,4,957332682,"M",35,2,"artist",1,"low","91344"
"804",5914,50,5,957332638,"M",35,2,"artist",1,"low","91344"
"805",5931,10,3,957226820,"F",18,7,"executive/managerial",3,"high","94111"
"806",5931,2987,4,957226788,"F",18,7,"executive/managerial",3,"high","94111"
"807",5931,1374,3,957226744,"F",18,7,"executive/managerial",3,"high","94111"
"808",5931,1036,3,957227182,"F",18,7,"executive/managerial",3,"high","94111"
"809",5931,2005,3,957227079,"F",18,7,"executive/managerial",3,"high","94111"
"810",5964,2409,3,956999925,"M",18,5,"customer_service",1,"low","97202"
"811",5964,2420,3,956995645,"M",18,5,"customer_service",1,"low","97202"
"812",5964,3481,5,958433546,"M",18,5,"customer_service",1,"low","97202"
"813",5964,1945,5,956993262,"M",18,5,"customer_service",1,"low","97202"
"814",5964,337,5,956994567,"M",18,5,"customer_service",1,"low","97202"
"815",5964,50,5,956995770,"M",18,5,"customer_service",1,"low","97202"
"816",5964,2987,4,956995720,"M",18,5,"customer_service",1,"low","97202"
"817",5964,1028,5,956997315,"M",18,5,"customer_service",1,"low","97202"
"818",5964,1036,4,956996038,"M",18,5,"customer_service",1,"low","97202"
"819",5964,2005,5,956996754,"M",18,5,"customer_service",1,"low","97202"
